ID,price(Ïõê/kg)
TG_A_J_20230304,0.0
TG_A_J_20230305,0.0
TG_A_J_20230306,2697.446
TG_A_J_20230307,2929.4653
TG_A_J_20230308,2970.2021
TG_A_J_20230309,3007.5447
TG_A_J_20230310,3040.4543
TG_A_J_20230311,3068.8425
TG_A_J_20230312,0.0
TG_A_J_20230313,3000.464
TG_A_J_20230314,3199.256
TG_A_J_20230315,3211.756
TG_A_J_20230316,3223.3816
TG_A_J_20230317,3234.2156
TG_A_J_20230318,3244.313
TG_A_J_20230319,0.0
TG_A_J_20230320,3148.5679
TG_A_J_20230321,3298.903
TG_A_J_20230322,3303.598
TG_A_J_20230323,3307.952
TG_A_J_20230324,3312.0217
TG_A_J_20230325,3315.8645
TG_A_J_20230326,0.0
TG_A_J_20230327,3233.9902
TG_A_J_20230328,3324.7356
TG_A_J_20230329,3327.5774
TG_A_J_20230330,3330.6326
TG_A_J_20230331,3333.9382
TG_A_S_20230304,3337.5254
TG_A_S_20230305,0.0
TG_A_S_20230306,3375.2686
TG_A_S_20230307,3653.2424
TG_A_S_20230308,3685.1238
TG_A_S_20230309,3719.5132
TG_A_S_20230310,3756.088
TG_A_S_20230311,3793.7954
TG_A_S_20230312,0.0
TG_A_S_20230313,3898.7097
TG_A_S_20230314,4009.3418
TG_A_S_20230315,4018.4119
TG_A_S_20230316,4024.6099
TG_A_S_20230317,4029.129
TG_A_S_20230318,4032.809
TG_A_S_20230319,0.0
TG_A_S_20230320,4146.8867
TG_A_S_20230321,4126.6157
TG_A_S_20230322,4131.0195
TG_A_S_20230323,4135.742
TG_A_S_20230324,4140.6797
TG_A_S_20230325,4145.743
TG_A_S_20230326,0.0
TG_A_S_20230327,4307.7075
TG_A_S_20230328,4231.5195
TG_A_S_20230329,4233.696
TG_A_S_20230330,4235.7886
TG_A_S_20230331,4237.8135
TG_B_J_20230304,4239.789
TG_B_J_20230305,0.0
TG_B_J_20230306,2597.3713
TG_B_J_20230307,3102.1687
TG_B_J_20230308,3117.086
TG_B_J_20230309,3130.549
TG_B_J_20230310,3143.0808
TG_B_J_20230311,3155.068
TG_B_J_20230312,0.0
TG_B_J_20230313,2798.8738
TG_B_J_20230314,3247.6892
TG_B_J_20230315,3259.1729
TG_B_J_20230316,3270.4941
TG_B_J_20230317,3281.596
TG_B_J_20230318,3292.4167
TG_B_J_20230319,0.0
TG_B_J_20230320,2974.4307
TG_B_J_20230321,3357.427
TG_B_J_20230322,3364.077
TG_B_J_20230323,3370.3032
TG_B_J_20230324,3376.1477
TG_B_J_20230325,3381.666
TG_B_J_20230326,0.0
TG_B_J_20230327,3090.2507
TG_B_J_20230328,3415.3816
TG_B_J_20230329,3419.9666
TG_B_J_20230330,3424.7974
TG_B_J_20230331,3429.9111
TG_B_S_20230304,3435.3154
TG_B_S_20230305,0.0
TG_B_S_20230306,3114.2085
TG_B_S_20230307,3674.3552
TG_B_S_20230308,3709.98
TG_B_S_20230309,3740.3079
TG_B_S_20230310,3765.431
TG_B_S_20230311,3786.0476
TG_B_S_20230312,0.0
TG_B_S_20230313,3351.9304
TG_B_S_20230314,3915.1267
TG_B_S_20230315,3924.601
TG_B_S_20230316,3934.0186
TG_B_S_20230317,3943.523
TG_B_S_20230318,3953.2124
TG_B_S_20230319,0.0
TG_B_S_20230320,3516.2524
TG_B_S_20230321,4056.1467
TG_B_S_20230322,4065.8296
TG_B_S_20230323,4075.4587
TG_B_S_20230324,4084.9993
TG_B_S_20230325,4094.4016
TG_B_S_20230326,0.0
TG_B_S_20230327,3630.4236
TG_B_S_20230328,4149.5703
TG_B_S_20230329,4154.915
TG_B_S_20230330,4159.1064
TG_B_S_20230331,4161.677
TG_C_J_20230304,4162.134
TG_C_J_20230305,0.0
TG_C_J_20230306,4174.457
TG_C_J_20230307,4273.7383
TG_C_J_20230308,4278.867
TG_C_J_20230309,4282.3726
TG_C_J_20230310,4285.1724
TG_C_J_20230311,4287.9424
TG_C_J_20230312,0.0
TG_C_J_20230313,4272.397
TG_C_J_20230314,4354.5337
TG_C_J_20230315,4359.561
TG_C_J_20230316,4365.209
TG_C_J_20230317,4371.4067
TG_C_J_20230318,4378.087
TG_C_J_20230319,0.0
TG_C_J_20230320,4356.9463
TG_C_J_20230321,4431.8145
TG_C_J_20230322,4437.9746
TG_C_J_20230323,4444.4663
TG_C_J_20230324,4451.2534
TG_C_J_20230325,4458.2964
TG_C_J_20230326,0.0
TG_C_J_20230327,4406.0303
TG_C_J_20230328,4490.9917
TG_C_J_20230329,4497.89
TG_C_J_20230330,4504.883
TG_C_J_20230331,4511.9233
TG_C_S_20230304,4518.979
TG_C_S_20230305,0.0
TG_C_S_20230306,3477.1614
TG_C_S_20230307,3791.1116
TG_C_S_20230308,3811.8857
TG_C_S_20230309,3829.485
TG_C_S_20230310,3843.6226
TG_C_S_20230311,3854.7307
TG_C_S_20230312,0.0
TG_C_S_20230313,3537.2573
TG_C_S_20230314,3901.4023
TG_C_S_20230315,3908.0898
TG_C_S_20230316,3915.4255
TG_C_S_20230317,3923.3628
TG_C_S_20230318,3931.8127
TG_C_S_20230319,0.0
TG_C_S_20230320,3603.1875
TG_C_S_20230321,4006.7302
TG_C_S_20230322,4016.2424
TG_C_S_20230323,4025.2627
TG_C_S_20230324,4033.699
TG_C_S_20230325,4041.485
TG_C_S_20230326,0.0
TG_C_S_20230327,3673.003
TG_C_S_20230328,4102.098
TG_C_S_20230329,4106.6167
TG_C_S_20230330,4110.7075
TG_C_S_20230331,4114.403
TG_D_J_20230304,4117.73
TG_D_J_20230305,0.0
TG_D_J_20230306,1657.4579
TG_D_J_20230307,1813.2023
TG_D_J_20230308,1863.1741
TG_D_J_20230309,1918.5885
TG_D_J_20230310,1977.962
TG_D_J_20230311,2038.7291
TG_D_J_20230312,0.0
TG_D_J_20230313,2134.9
TG_D_J_20230314,2297.431
TG_D_J_20230315,2332.0925
TG_D_J_20230316,2364.0637
TG_D_J_20230317,2393.8635
TG_D_J_20230318,2421.8972
TG_D_J_20230319,0.0
TG_D_J_20230320,2417.3682
TG_D_J_20230321,2595.821
TG_D_J_20230322,2625.4905
TG_D_J_20230323,2654.6045
TG_D_J_20230324,2683.066
TG_D_J_20230325,2710.7874
TG_D_J_20230326,0.0
TG_D_J_20230327,2660.7834
TG_D_J_20230328,2878.242
TG_D_J_20230329,2900.3855
TG_D_J_20230330,2921.4045
TG_D_J_20230331,2941.3704
TG_D_S_20230304,2960.3696
TG_D_S_20230305,0.0
TG_D_S_20230306,3109.1455
TG_D_S_20230307,3069.2812
TG_D_S_20230308,3084.7798
TG_D_S_20230309,3103.3335
TG_D_S_20230310,3125.4792
TG_D_S_20230311,3151.9329
TG_D_S_20230312,0.0
TG_D_S_20230313,3525.252
TG_D_S_20230314,3445.6694
TG_D_S_20230315,3495.282
TG_D_S_20230316,3540.6328
TG_D_S_20230317,3580.7822
TG_D_S_20230318,3615.7686
TG_D_S_20230319,0.0
TG_D_S_20230320,3838.2126
TG_D_S_20230321,3779.9644
TG_D_S_20230322,3794.9353
TG_D_S_20230323,3808.8157
TG_D_S_20230324,3821.798
TG_D_S_20230325,3834.039
TG_D_S_20230326,0.0
TG_D_S_20230327,3965.999
TG_D_S_20230328,3917.7043
TG_D_S_20230329,3928.9016
TG_D_S_20230330,3940.357
TG_D_S_20230331,3952.123
TG_E_J_20230304,3964.2305
TG_E_J_20230305,0.0
TG_E_J_20230306,1824.3345
TG_E_J_20230307,2009.912
TG_E_J_20230308,2044.9225
TG_E_J_20230309,2074.7727
TG_E_J_20230310,2100.025
TG_E_J_20230311,2121.4907
TG_E_J_20230312,0.0
TG_E_J_20230313,2020.2155
TG_E_J_20230314,2210.5159
TG_E_J_20230315,2218.991
TG_E_J_20230316,2227.0037
TG_E_J_20230317,2234.7144
TG_E_J_20230318,2242.2646
TG_E_J_20230319,0.0
TG_E_J_20230320,2109.9404
TG_E_J_20230321,2297.5696
TG_E_J_20230322,2304.4814
TG_E_J_20230323,2311.737
TG_E_J_20230324,2319.3943
TG_E_J_20230325,2327.5107
TG_E_J_20230326,0.0
TG_E_J_20230327,2215.1047
TG_E_J_20230328,2384.1357
TG_E_J_20230329,2391.8909
TG_E_J_20230330,2400.1772
TG_E_J_20230331,2409.0503
TG_E_S_20230304,2418.5671
TG_E_S_20230305,0.0
TG_E_S_20230306,3091.453
TG_E_S_20230307,3088.633
TG_E_S_20230308,3133.007
TG_E_S_20230309,3181.8103
TG_E_S_20230310,3232.9294
TG_E_S_20230311,3283.543
TG_E_S_20230312,0.0
TG_E_S_20230313,3669.001
TG_E_S_20230314,3537.0166
TG_E_S_20230315,3560.3052
TG_E_S_20230316,3580.9688
TG_E_S_20230317,3599.436
TG_E_S_20230318,3616.0193
TG_E_S_20230319,0.0
TG_E_S_20230320,3932.6924
TG_E_S_20230321,3724.6387
TG_E_S_20230322,3732.403
TG_E_S_20230323,3739.288
TG_E_S_20230324,3745.3896
TG_E_S_20230325,3750.7979
TG_E_S_20230326,0.0
TG_E_S_20230327,4020.4563
TG_E_S_20230328,3799.7302
TG_E_S_20230329,3802.8105
TG_E_S_20230330,3805.8145
TG_E_S_20230331,3808.8037
CR_A_J_20230304,3811.8416
CR_A_J_20230305,0.0
CR_A_J_20230306,1626.8163
CR_A_J_20230307,1327.9655
CR_A_J_20230308,1316.1072
CR_A_J_20230309,1305.6444
CR_A_J_20230310,1296.3539
CR_A_J_20230311,1288.0011
CR_A_J_20230312,0.0
CR_A_J_20230313,1687.4021
CR_A_J_20230314,1183.4993
CR_A_J_20230315,1176.1085
CR_A_J_20230316,1168.9254
CR_A_J_20230317,1161.9117
CR_A_J_20230318,1155.0365
CR_A_J_20230319,0.0
CR_A_J_20230320,1617.8635
CR_A_J_20230321,1074.0125
CR_A_J_20230322,1069.0027
CR_A_J_20230323,1064.0826
CR_A_J_20230324,1059.2107
CR_A_J_20230325,1054.3435
CR_A_J_20230326,0.0
CR_A_J_20230327,1511.1658
CR_A_J_20230328,1006.76776
CR_A_J_20230329,1000.5369
CR_A_J_20230330,993.84406
CR_A_J_20230331,986.6578
CR_B_J_20230304,978.95435
CR_B_J_20230305,0.0
CR_B_J_20230306,850.5308
CR_B_J_20230307,484.69934
CR_B_J_20230308,489.66693
CR_B_J_20230309,491.6579
CR_B_J_20230310,491.3543
CR_B_J_20230311,489.30914
CR_B_J_20230312,0.0
CR_B_J_20230313,743.31665
CR_B_J_20230314,432.79803
CR_B_J_20230315,422.4206
CR_B_J_20230316,411.60806
CR_B_J_20230317,400.34393
CR_B_J_20230318,388.58542
CR_B_J_20230319,0.0
CR_B_J_20230320,561.6537
CR_B_J_20230321,260.92804
CR_B_J_20230322,244.0383
CR_B_J_20230323,226.77655
CR_B_J_20230324,209.13388
CR_B_J_20230325,191.134
CR_B_J_20230326,0.0
CR_B_J_20230327,358.35645
CR_B_J_20230328,46.907585
CR_B_J_20230329,31.570793
CR_B_J_20230330,16.671654
CR_B_J_20230331,2.2981796
CR_C_J_20230304,0.0
CR_C_J_20230305,0.0
CR_C_J_20230306,1414.6836
CR_C_J_20230307,1274.5223
CR_C_J_20230308,1285.8844
CR_C_J_20230309,1292.6781
CR_C_J_20230310,1295.8984
CR_C_J_20230311,1296.4092
CR_C_J_20230312,0.0
CR_C_J_20230313,1364.4642
CR_C_J_20230314,1184.9879
CR_C_J_20230315,1178.2001
CR_C_J_20230316,1171.3849
CR_C_J_20230317,1164.7098
CR_C_J_20230318,1158.3187
CR_C_J_20230319,0.0
CR_C_J_20230320,1238.7167
CR_C_J_20230321,1040.4644
CR_C_J_20230322,1036.6273
CR_C_J_20230323,1033.4703
CR_C_J_20230324,1031.1005
CR_C_J_20230325,1029.6198
CR_C_J_20230326,0.0
CR_C_J_20230327,1127.3807
CR_C_J_20230328,930.7253
CR_C_J_20230329,934.40814
CR_C_J_20230330,938.76117
CR_C_J_20230331,943.503
CR_D_J_20230304,948.28265
CR_D_J_20230305,0.0
CR_D_J_20230306,1422.0331
CR_D_J_20230307,1340.9542
CR_D_J_20230308,1350.744
CR_D_J_20230309,1366.9801
CR_D_J_20230310,1390.0883
CR_D_J_20230311,1419.7783
CR_D_J_20230312,0.0
CR_D_J_20230313,1547.7203
CR_D_J_20230314,1536.2413
CR_D_J_20230315,1554.2394
CR_D_J_20230316,1568.5293
CR_D_J_20230317,1579.5856
CR_D_J_20230318,1587.7919
CR_D_J_20230319,0.0
CR_D_J_20230320,1442.4103
CR_D_J_20230321,1503.1093
CR_D_J_20230322,1500.7828
CR_D_J_20230323,1496.7892
CR_D_J_20230324,1491.0251
CR_D_J_20230325,1483.4535
CR_D_J_20230326,0.0
CR_D_J_20230327,1209.038
CR_D_J_20230328,1277.277
CR_D_J_20230329,1257.7214
CR_D_J_20230330,1236.5393
CR_D_J_20230331,1213.9498
CR_D_S_20230304,1190.1984
CR_D_S_20230305,0.0
CR_D_S_20230306,0.0
CR_D_S_20230307,252.893
CR_D_S_20230308,284.65408
CR_D_S_20230309,316.08447
CR_D_S_20230310,347.0174
CR_D_S_20230311,377.50552
CR_D_S_20230312,0.0
CR_D_S_20230313,288.90002
CR_D_S_20230314,578.74713
CR_D_S_20230315,615.65485
CR_D_S_20230316,650.3478
CR_D_S_20230317,680.4881
CR_D_S_20230318,704.3712
CR_D_S_20230319,0.0
CR_D_S_20230320,446.69794
CR_D_S_20230321,690.9223
CR_D_S_20230322,684.36163
CR_D_S_20230323,674.9473
CR_D_S_20230324,662.91425
CR_D_S_20230325,648.5356
CR_D_S_20230326,0.0
CR_D_S_20230327,361.289
CR_D_S_20230328,472.83795
CR_D_S_20230329,450.6808
CR_D_S_20230330,427.9875
CR_D_S_20230331,405.31897
CR_E_J_20230304,383.2141
CR_E_J_20230305,0.0
CR_E_J_20230306,1603.4576
CR_E_J_20230307,1547.5875
CR_E_J_20230308,1562.4974
CR_E_J_20230309,1574.5789
CR_E_J_20230310,1582.5012
CR_E_J_20230311,1586.0786
CR_E_J_20230312,0.0
CR_E_J_20230313,1616.8762
CR_E_J_20230314,1585.964
CR_E_J_20230315,1574.0579
CR_E_J_20230316,1561.961
CR_E_J_20230317,1550.0602
CR_E_J_20230318,1538.6404
CR_E_J_20230319,0.0
CR_E_J_20230320,1523.1489
CR_E_J_20230321,1463.557
CR_E_J_20230322,1448.5538
CR_E_J_20230323,1434.1405
CR_E_J_20230324,1420.2661
CR_E_J_20230325,1406.8335
CR_E_J_20230326,0.0
CR_E_J_20230327,1363.7181
CR_E_J_20230328,1253.4141
CR_E_J_20230329,1231.8523
CR_E_J_20230330,1210.2225
CR_E_J_20230331,1188.4844
CR_E_S_20230304,1166.6162
CR_E_S_20230305,0.0
CR_E_S_20230306,0.0
CR_E_S_20230307,0.0
CR_E_S_20230308,0.0
CR_E_S_20230309,0.0
CR_E_S_20230310,16.593025
CR_E_S_20230311,51.642555
CR_E_S_20230312,0.0
CR_E_S_20230313,68.191475
CR_E_S_20230314,155.86166
CR_E_S_20230315,168.46762
CR_E_S_20230316,177.00961
CR_E_S_20230317,182.1192
CR_E_S_20230318,184.31433
CR_E_S_20230319,0.0
CR_E_S_20230320,50.279716
CR_E_S_20230321,102.69373
CR_E_S_20230322,94.27384
CR_E_S_20230323,84.61402
CR_E_S_20230324,73.88946
CR_E_S_20230325,62.336082
CR_E_S_20230326,0.0
CR_E_S_20230327,0.0
CR_E_S_20230328,0.0
CR_E_S_20230329,0.0
CR_E_S_20230330,0.0
CR_E_S_20230331,0.0
CB_A_J_20230304,0.0
CB_A_J_20230305,0.0
CB_A_J_20230306,1126.1512
CB_A_J_20230307,535.45496
CB_A_J_20230308,518.3924
CB_A_J_20230309,500.79156
CB_A_J_20230310,482.47903
CB_A_J_20230311,463.26675
CB_A_J_20230312,0.0
CB_A_J_20230313,885.7994
CB_A_J_20230314,257.21265
CB_A_J_20230315,225.29309
CB_A_J_20230316,192.5744
CB_A_J_20230317,159.30365
CB_A_J_20230318,125.70378
CB_A_J_20230319,0.0
CB_A_J_20230320,531.29095
CB_A_J_20230321,0.0
CB_A_J_20230322,0.0
CB_A_J_20230323,0.0
CB_A_J_20230324,0.0
CB_A_J_20230325,0.0
CB_A_J_20230326,0.0
CB_A_J_20230327,293.6753
CB_A_J_20230328,0.0
CB_A_J_20230329,0.0
CB_A_J_20230330,0.0
CB_A_J_20230331,0.0
CB_A_S_20230304,0.0
CB_A_S_20230305,0.0
CB_A_S_20230306,553.6487
CB_A_S_20230307,110.01397
CB_A_S_20230308,104.161415
CB_A_S_20230309,96.70902
CB_A_S_20230310,87.773224
CB_A_S_20230311,77.38277
CB_A_S_20230312,0.0
CB_A_S_20230313,450.46063
CB_A_S_20230314,0.0
CB_A_S_20230315,0.0
CB_A_S_20230316,0.0
CB_A_S_20230317,0.0
CB_A_S_20230318,0.0
CB_A_S_20230319,0.0
CB_A_S_20230320,294.6738
CB_A_S_20230321,0.0
CB_A_S_20230322,0.0
CB_A_S_20230323,0.0
CB_A_S_20230324,0.0
CB_A_S_20230325,0.0
CB_A_S_20230326,0.0
CB_A_S_20230327,272.98145
CB_A_S_20230328,0.0
CB_A_S_20230329,0.0
CB_A_S_20230330,0.0
CB_A_S_20230331,0.0
CB_D_J_20230304,0.0
CB_D_J_20230305,0.0
CB_D_J_20230306,407.41266
CB_D_J_20230307,265.32605
CB_D_J_20230308,253.45981
CB_D_J_20230309,240.74683
CB_D_J_20230310,227.3164
CB_D_J_20230311,213.24146
CB_D_J_20230312,0.0
CB_D_J_20230313,208.6901
CB_D_J_20230314,48.908684
CB_D_J_20230315,26.49015
CB_D_J_20230316,4.312996
CB_D_J_20230317,0.0
CB_D_J_20230318,0.0
CB_D_J_20230319,0.0
CB_D_J_20230320,0.0
CB_D_J_20230321,0.0
CB_D_J_20230322,0.0
CB_D_J_20230323,0.0
CB_D_J_20230324,0.0
CB_D_J_20230325,0.0
CB_D_J_20230326,0.0
CB_D_J_20230327,0.0
CB_D_J_20230328,0.0
CB_D_J_20230329,0.0
CB_D_J_20230330,0.0
CB_D_J_20230331,0.0
CB_E_J_20230304,0.0
CB_E_J_20230305,0.0
CB_E_J_20230306,136.7396
CB_E_J_20230307,89.95785
CB_E_J_20230308,82.35552
CB_E_J_20230309,74.828026
CB_E_J_20230310,67.22607
CB_E_J_20230311,59.39202
CB_E_J_20230312,0.0
CB_E_J_20230313,0.0
CB_E_J_20230314,0.0
CB_E_J_20230315,0.0
CB_E_J_20230316,0.0
CB_E_J_20230317,0.0
CB_E_J_20230318,0.0
CB_E_J_20230319,0.0
CB_E_J_20230320,0.0
CB_E_J_20230321,0.0
CB_E_J_20230322,0.0
CB_E_J_20230323,0.0
CB_E_J_20230324,0.0
CB_E_J_20230325,0.0
CB_E_J_20230326,0.0
CB_E_J_20230327,0.0
CB_E_J_20230328,0.0
CB_E_J_20230329,0.0
CB_E_J_20230330,0.0
CB_E_J_20230331,0.0
RD_A_J_20230304,0.0
RD_A_J_20230305,0.0
RD_A_J_20230306,790.70917
RD_A_J_20230307,616.67865
RD_A_J_20230308,623.49133
RD_A_J_20230309,630.6796
RD_A_J_20230310,637.9905
RD_A_J_20230311,645.17664
RD_A_J_20230312,0.0
RD_A_J_20230313,867.6512
RD_A_J_20230314,679.45233
RD_A_J_20230315,683.33545
RD_A_J_20230316,686.8168
RD_A_J_20230317,690.0207
RD_A_J_20230318,693.07074
RD_A_J_20230319,0.0
RD_A_J_20230320,925.90436
RD_A_J_20230321,721.2556
RD_A_J_20230322,725.0871
RD_A_J_20230323,728.9383
RD_A_J_20230324,732.7591
RD_A_J_20230325,736.49524
RD_A_J_20230326,0.0
RD_A_J_20230327,968.7785
RD_A_J_20230328,757.02344
RD_A_J_20230329,758.3969
RD_A_J_20230330,759.5099
RD_A_J_20230331,760.3741
RD_A_S_20230304,761.0029
RD_A_S_20230305,0.0
RD_A_S_20230306,404.9935
RD_A_S_20230307,376.61575
RD_A_S_20230308,366.9203
RD_A_S_20230309,357.03143
RD_A_S_20230310,346.96716
RD_A_S_20230311,336.74207
RD_A_S_20230312,0.0
RD_A_S_20230313,278.64496
RD_A_S_20230314,274.87747
RD_A_S_20230315,264.02646
RD_A_S_20230316,253.0987
RD_A_S_20230317,242.11688
RD_A_S_20230318,231.1081
RD_A_S_20230319,0.0
RD_A_S_20230320,133.09552
RD_A_S_20230321,169.03418
RD_A_S_20230322,158.90707
RD_A_S_20230323,149.04074
RD_A_S_20230324,139.46567
RD_A_S_20230325,130.20767
RD_A_S_20230326,0.0
RD_A_S_20230327,36.666206
RD_A_S_20230328,79.03747
RD_A_S_20230329,71.81866
RD_A_S_20230330,64.6907
RD_A_S_20230331,57.592827
RD_C_S_20230304,50.469704
RD_C_S_20230305,0.0
RD_C_S_20230306,219.8464
RD_C_S_20230307,0.0
RD_C_S_20230308,0.0
RD_C_S_20230309,0.0
RD_C_S_20230310,0.0
RD_C_S_20230311,0.0
RD_C_S_20230312,0.0
RD_C_S_20230313,134.147
RD_C_S_20230314,0.0
RD_C_S_20230315,0.0
RD_C_S_20230316,0.0
RD_C_S_20230317,0.0
RD_C_S_20230318,0.0
RD_C_S_20230319,0.0
RD_C_S_20230320,0.0
RD_C_S_20230321,0.0
RD_C_S_20230322,0.0
RD_C_S_20230323,0.0
RD_C_S_20230324,0.0
RD_C_S_20230325,0.0
RD_C_S_20230326,0.0
RD_C_S_20230327,0.0
RD_C_S_20230328,0.0
RD_C_S_20230329,0.0
RD_C_S_20230330,0.0
RD_C_S_20230331,0.0
RD_D_J_20230304,0.0
RD_D_J_20230305,0.0
RD_D_J_20230306,190.9642
RD_D_J_20230307,206.47894
RD_D_J_20230308,210.06345
RD_D_J_20230309,212.53134
RD_D_J_20230310,213.9057
RD_D_J_20230311,214.25848
RD_D_J_20230312,0.0
RD_D_J_20230313,140.51163
RD_D_J_20230314,202.14438
RD_D_J_20230315,198.19757
RD_D_J_20230316,194.30661
RD_D_J_20230317,190.58243
RD_D_J_20230318,187.10687
RD_D_J_20230319,0.0
RD_D_J_20230320,74.73661
RD_D_J_20230321,181.52237
RD_D_J_20230322,181.97787
RD_D_J_20230323,182.6785
RD_D_J_20230324,183.50253
RD_D_J_20230325,184.35495
RD_D_J_20230326,0.0
RD_D_J_20230327,74.88921
RD_D_J_20230328,231.48999
RD_D_J_20230329,233.91699
RD_D_J_20230330,236.06085
RD_D_J_20230331,237.93408
RD_D_S_20230304,239.55692
RD_D_S_20230305,0.0
RD_D_S_20230306,211.07364
RD_D_S_20230307,344.01807
RD_D_S_20230308,345.91605
RD_D_S_20230309,348.3479
RD_D_S_20230310,351.30295
RD_D_S_20230311,354.76996
RD_D_S_20230312,0.0
RD_D_S_20230313,208.52435
RD_D_S_20230314,335.15268
RD_D_S_20230315,337.85452
RD_D_S_20230316,341.08832
RD_D_S_20230317,344.68942
RD_D_S_20230318,348.4551
RD_D_S_20230319,0.0
RD_D_S_20230320,180.36215
RD_D_S_20230321,320.90903
RD_D_S_20230322,321.73383
RD_D_S_20230323,322.1784
RD_D_S_20230324,322.14606
RD_D_S_20230325,321.53546
RD_D_S_20230326,0.0
RD_D_S_20230327,133.73813
RD_D_S_20230328,282.51526
RD_D_S_20230329,281.23727
RD_D_S_20230330,279.72763
RD_D_S_20230331,277.8269
RD_E_J_20230304,275.357
RD_E_J_20230305,0.0
RD_E_J_20230306,388.84268
RD_E_J_20230307,296.5488
RD_E_J_20230308,289.53622
RD_E_J_20230309,282.4249
RD_E_J_20230310,275.25528
RD_E_J_20230311,268.07144
RD_E_J_20230312,0.0
RD_E_J_20230313,336.96332
RD_E_J_20230314,245.2352
RD_E_J_20230315,241.49667
RD_E_J_20230316,238.39407
RD_E_J_20230317,235.99734
RD_E_J_20230318,234.38702
RD_E_J_20230319,0.0
RD_E_J_20230320,386.42627
RD_E_J_20230321,284.30426
RD_E_J_20230322,292.41943
RD_E_J_20230323,301.67218
RD_E_J_20230324,311.98853
RD_E_J_20230325,323.23767
RD_E_J_20230326,0.0
RD_E_J_20230327,506.12607
RD_E_J_20230328,450.50012
RD_E_J_20230329,461.50946
RD_E_J_20230330,471.76935
RD_E_J_20230331,481.27484
RD_E_S_20230304,490.0385
RD_E_S_20230305,0.0
RD_E_S_20230306,139.48825
RD_E_S_20230307,100.72758
RD_E_S_20230308,106.87989
RD_E_S_20230309,114.00145
RD_E_S_20230310,121.94902
RD_E_S_20230311,130.54767
RD_E_S_20230312,0.0
RD_E_S_20230313,158.49927
RD_E_S_20230314,142.71262
RD_E_S_20230315,147.53506
RD_E_S_20230316,151.81726
RD_E_S_20230317,155.60217
RD_E_S_20230318,158.95676
RD_E_S_20230319,0.0
RD_E_S_20230320,83.56034
RD_E_S_20230321,118.86973
RD_E_S_20230322,119.36119
RD_E_S_20230323,119.8861
RD_E_S_20230324,120.37842
RD_E_S_20230325,120.78401
RD_E_S_20230326,0.0
RD_E_S_20230327,1.4468994
RD_E_S_20230328,76.87595
RD_E_S_20230329,76.668
RD_E_S_20230330,76.31544
RD_E_S_20230331,75.82928
BC_A_J_20230304,75.21671
BC_A_J_20230305,0.0
BC_A_J_20230306,2344.7441
BC_A_J_20230307,2312.239
BC_A_J_20230308,2356.0461
BC_A_J_20230309,2399.4836
BC_A_J_20230310,2440.3645
BC_A_J_20230311,2477.5544
BC_A_J_20230312,0.0
BC_A_J_20230313,2512.3198
BC_A_J_20230314,2540.1475
BC_A_J_20230315,2556.0913
BC_A_J_20230316,2572.2903
BC_A_J_20230317,2588.7852
BC_A_J_20230318,2605.495
BC_A_J_20230319,0.0
BC_A_J_20230320,2505.252
BC_A_J_20230321,2596.5964
BC_A_J_20230322,2610.4312
BC_A_J_20230323,2624.5315
BC_A_J_20230324,2638.6902
BC_A_J_20230325,2652.707
BC_A_J_20230326,0.0
BC_A_J_20230327,2486.6018
BC_A_J_20230328,2626.2927
BC_A_J_20230329,2638.9656
BC_A_J_20230330,2651.419
BC_A_J_20230331,2663.5002
BC_A_S_20230304,2675.1062
BC_A_S_20230305,0.0
BC_A_S_20230306,2398.822
BC_A_S_20230307,1995.9061
BC_A_S_20230308,2007.1356
BC_A_S_20230309,2024.3004
BC_A_S_20230310,2048.0774
BC_A_S_20230311,2078.5037
BC_A_S_20230312,0.0
BC_A_S_20230313,2568.8892
BC_A_S_20230314,2154.0378
BC_A_S_20230315,2171.365
BC_A_S_20230316,2185.0598
BC_A_S_20230317,2195.8352
BC_A_S_20230318,2204.2842
BC_A_S_20230319,0.0
BC_A_S_20230320,2458.7463
BC_A_S_20230321,2064.3347
BC_A_S_20230322,2061.6362
BC_A_S_20230323,2058.7478
BC_A_S_20230324,2055.5674
BC_A_S_20230325,2051.9875
BC_A_S_20230326,0.0
BC_A_S_20230327,2275.5242
BC_A_S_20230328,1863.8615
BC_A_S_20230329,1860.6221
BC_A_S_20230330,1857.6456
BC_A_S_20230331,1854.8127
BC_B_J_20230304,1852.0469
BC_B_J_20230305,0.0
BC_B_J_20230306,1873.3829
BC_B_J_20230307,1822.6635
BC_B_J_20230308,1832.0115
BC_B_J_20230309,1838.6615
BC_B_J_20230310,1843.3986
BC_B_J_20230311,1846.8583
BC_B_J_20230312,0.0
BC_B_J_20230313,1801.9738
BC_B_J_20230314,1767.7727
BC_B_J_20230315,1763.5973
BC_B_J_20230316,1759.5466
BC_B_J_20230317,1755.7485
BC_B_J_20230318,1752.3076
BC_B_J_20230319,0.0
BC_B_J_20230320,1665.7267
BC_B_J_20230321,1635.9719
BC_B_J_20230322,1628.8755
BC_B_J_20230323,1622.3987
BC_B_J_20230324,1616.6758
BC_B_J_20230325,1611.7979
BC_B_J_20230326,0.0
BC_B_J_20230327,1507.5535
BC_B_J_20230328,1465.9026
BC_B_J_20230329,1458.324
BC_B_J_20230330,1451.5598
BC_B_J_20230331,1445.4733
BC_B_S_20230304,1439.8542
BC_B_S_20230305,0.0
BC_B_S_20230306,617.36066
BC_B_S_20230307,212.27151
BC_B_S_20230308,246.03049
BC_B_S_20230309,275.20416
BC_B_S_20230310,298.69116
BC_B_S_20230311,316.44574
BC_B_S_20230312,0.0
BC_B_S_20230313,739.6638
BC_B_S_20230314,332.6026
BC_B_S_20230315,328.85083
BC_B_S_20230316,324.27148
BC_B_S_20230317,319.15234
BC_B_S_20230318,313.73203
BC_B_S_20230319,0.0
BC_B_S_20230320,672.31726
BC_B_S_20230321,267.41397
BC_B_S_20230322,261.71005
BC_B_S_20230323,256.34332
BC_B_S_20230324,251.26862
BC_B_S_20230325,246.40775
BC_B_S_20230326,0.0
BC_B_S_20230327,583.2606
BC_B_S_20230328,205.78696
BC_B_S_20230329,200.81924
BC_B_S_20230330,195.5578
BC_B_S_20230331,189.8772
BC_C_J_20230304,183.6495
BC_C_J_20230305,0.0
BC_C_J_20230306,2324.458
BC_C_J_20230307,2245.7195
BC_C_J_20230308,2276.1658
BC_C_J_20230309,2303.9106
BC_C_J_20230310,2329.7283
BC_C_J_20230311,2354.2441
BC_C_J_20230312,0.0
BC_C_J_20230313,2451.7405
BC_C_J_20230314,2333.4812
BC_C_J_20230315,2347.004
BC_C_J_20230316,2360.7205
BC_C_J_20230317,2374.7349
BC_C_J_20230318,2389.1025
BC_C_J_20230319,0.0
BC_C_J_20230320,2454.6436
BC_C_J_20230321,2284.3247
BC_C_J_20230322,2289.2766
BC_C_J_20230323,2294.5845
BC_C_J_20230324,2300.1875
BC_C_J_20230325,2305.9507
BC_C_J_20230326,0.0
BC_C_J_20230327,2316.4292
BC_C_J_20230328,2108.086
BC_C_J_20230329,2102.0498
BC_C_J_20230330,2096.1362
BC_C_J_20230331,2090.1667
BC_C_S_20230304,2083.9148
BC_C_S_20230305,0.0
BC_C_S_20230306,726.1237
BC_C_S_20230307,0.0
BC_C_S_20230308,0.0
BC_C_S_20230309,0.0
BC_C_S_20230310,0.0
BC_C_S_20230311,14.693108
BC_C_S_20230312,0.0
BC_C_S_20230313,864.0808
BC_C_S_20230314,46.691483
BC_C_S_20230315,42.988808
BC_C_S_20230316,37.82801
BC_C_S_20230317,31.376648
BC_C_S_20230318,23.772835
BC_C_S_20230319,0.0
BC_C_S_20230320,839.7904
BC_C_S_20230321,1.2115173
BC_C_S_20230322,0.0
BC_C_S_20230323,0.0
BC_C_S_20230324,0.0
BC_C_S_20230325,0.0
BC_C_S_20230326,0.0
BC_C_S_20230327,761.8916
BC_C_S_20230328,0.0
BC_C_S_20230329,0.0
BC_C_S_20230330,0.0
BC_C_S_20230331,0.0
BC_D_J_20230304,0.0
BC_D_J_20230305,0.0
BC_D_J_20230306,2204.7249
BC_D_J_20230307,2128.9966
BC_D_J_20230308,2155.3442
BC_D_J_20230309,2186.5862
BC_D_J_20230310,2222.6863
BC_D_J_20230311,2262.5393
BC_D_J_20230312,0.0
BC_D_J_20230313,2468.154
BC_D_J_20230314,2407.3984
BC_D_J_20230315,2423.8708
BC_D_J_20230316,2436.7322
BC_D_J_20230317,2446.8823
BC_D_J_20230318,2455.0837
BC_D_J_20230319,0.0
BC_D_J_20230320,2445.5916
BC_D_J_20230321,2400.4336
BC_D_J_20230322,2401.6455
BC_D_J_20230323,2402.501
BC_D_J_20230324,2403.204
BC_D_J_20230325,2403.9558
BC_D_J_20230326,0.0
BC_D_J_20230327,2322.5454
BC_D_J_20230328,2283.9385
BC_D_J_20230329,2281.8535
BC_D_J_20230330,2280.129
BC_D_J_20230331,2279.014
BC_E_J_20230304,2278.7612
BC_E_J_20230305,0.0
BC_E_J_20230306,2210.4878
BC_E_J_20230307,2108.4417
BC_E_J_20230308,2152.006
BC_E_J_20230309,2190.2563
BC_E_J_20230310,2223.082
BC_E_J_20230311,2251.0867
BC_E_J_20230312,0.0
BC_E_J_20230313,2382.349
BC_E_J_20230314,2303.185
BC_E_J_20230315,2319.2202
BC_E_J_20230316,2334.1064
BC_E_J_20230317,2348.0083
BC_E_J_20230318,2361.0745
BC_E_J_20230319,0.0
BC_E_J_20230320,2445.0527
BC_E_J_20230321,2344.7249
BC_E_J_20230322,2354.7673
BC_E_J_20230323,2363.9473
BC_E_J_20230324,2372.3674
BC_E_J_20230325,2380.1357
BC_E_J_20230326,0.0
BC_E_J_20230327,2447.5845
BC_E_J_20230328,2291.8147
BC_E_J_20230329,2294.6914
BC_E_J_20230330,2296.6125
BC_E_J_20230331,2297.67
BC_E_S_20230304,2297.963
BC_E_S_20230305,0.0
BC_E_S_20230306,2086.4937
BC_E_S_20230307,2102.4626
BC_E_S_20230308,2135.2168
BC_E_S_20230309,2173.0735
BC_E_S_20230310,2214.989
BC_E_S_20230311,2258.7795
BC_E_S_20230312,0.0
BC_E_S_20230313,2322.1853
BC_E_S_20230314,2335.2754
BC_E_S_20230315,2350.0564
BC_E_S_20230316,2360.3955
BC_E_S_20230317,2366.8308
BC_E_S_20230318,2369.8142
BC_E_S_20230319,0.0
BC_E_S_20230320,2249.8154
BC_E_S_20230321,2228.5557
BC_E_S_20230322,2221.0623
BC_E_S_20230323,2211.7302
BC_E_S_20230324,2200.6533
BC_E_S_20230325,2187.9634
BC_E_S_20230326,0.0
BC_E_S_20230327,2090.4211
BC_E_S_20230328,1991.7786
BC_E_S_20230329,1976.8568
BC_E_S_20230330,1960.5112
BC_E_S_20230331,1942.8643
CB_F_J_20230304,1924.1045
CB_F_J_20230305,0.0
CB_F_J_20230306,95.25931
CB_F_J_20230307,481.49945
CB_F_J_20230308,474.89746
CB_F_J_20230309,468.1934
CB_F_J_20230310,461.4655
CB_F_J_20230311,454.79297
CB_F_J_20230312,0.0
CB_F_J_20230313,15.9576645
CB_F_J_20230314,410.14688
CB_F_J_20230315,406.015
CB_F_J_20230316,402.23825
CB_F_J_20230317,398.79724
CB_F_J_20230318,395.66846
CB_F_J_20230319,0.0
CB_F_J_20230320,0.0
CB_F_J_20230321,376.2542
CB_F_J_20230322,374.70374
CB_F_J_20230323,373.2375
CB_F_J_20230324,371.84015
CB_F_J_20230325,370.4978
CB_F_J_20230326,0.0
CB_F_J_20230327,0.0
CB_F_J_20230328,356.6762
CB_F_J_20230329,355.37793
CB_F_J_20230330,354.0606
CB_F_J_20230331,352.72015
RD_F_J_20230304,351.3529
RD_F_J_20230305,0.0
RD_F_J_20230306,159.27948
RD_F_J_20230307,321.1
RD_F_J_20230308,320.84167
RD_F_J_20230309,320.4736
RD_F_J_20230310,320.02277
RD_F_J_20230311,319.51102
RD_F_J_20230312,0.0
RD_F_J_20230313,121.81742
RD_F_J_20230314,311.20593
RD_F_J_20230315,310.76447
RD_F_J_20230316,310.31244
RD_F_J_20230317,309.8556
RD_F_J_20230318,309.39816
RD_F_J_20230319,0.0
RD_F_J_20230320,98.05734
RD_F_J_20230321,303.79868
RD_F_J_20230322,303.4536
RD_F_J_20230323,303.11136
RD_F_J_20230324,302.7726
RD_F_J_20230325,302.43796
RD_F_J_20230326,0.0
RD_F_J_20230327,87.23653
RD_F_J_20230328,297.42844
RD_F_J_20230329,297.08304
RD_F_J_20230330,296.7477
RD_F_J_20230331,296.42557
